source,destination,hops
1,2,4
1,3,5
1,4,3
1,5,1
1,6,1
1,7,1
1,8,1
1,9,3
1,10,7
1,11,5
1,12,10
1,13,6
1,14,5
1,15,10
1,16,4
1,17,5
1,18,3
1,19,3
1,20,2
1,21,2
1,22,1
1,23,1
1,24,1
1,25,1
1,26,1
1,27,1
1,28,1
1,29,1
1,30,1
1,31,1
1,32,1
1,33,1
1,34,1
1,35,1
1,36,3
1,37,3
1,38,3
1,39,3
1,40,3
1,41,3
1,42,3
1,43,3
1,44,7
1,45,12
1,46,7
1,47,10
1,48,4
1,49,5
1,50,4
1,51,7
1,52,9
1,53,6
1,54,6
1,55,10
1,56,6
1,57,6
1,58,7
1,59,5
1,60,7
1,61,5
1,62,5
1,63,10
1,64,5
1,65,4
1,66,4
1,67,4
1,68,5
1,69,4
1,70,4
1,71,4
1,72,4
1,73,3
1,74,3
1,75,3
1,76,3
1,77,3
1,78,3
1,79,3
1,80,3
1,81,2
1,82,2
1,83,2
1,84,2
2,3,3
2,4,5
2,5,5
2,6,3
2,7,3
2,8,2
2,9,1
2,10,1
2,11,1
2,12,1
2,13,3
2,14,3
2,15,3
2,16,4
2,17,5
2,18,5
2,19,6
2,20,6
2,21,5
2,22,4
2,23,3
2,24,3
2,25,3
2,26,3
2,27,3
2,28,3
2,29,3
2,30,3
2,31,2
2,32,2
2,33,2
2,34,2
2,35,2
2,36,2
2,37,2
2,38,2
2,39,1
2,40,1
2,41,1
2,42,1
2,43,1
2,44,1
2,45,1
2,46,1
2,47,1
2,48,1
2,49,1
2,50,1
2,51,1
2,52,2
2,53,2
2,54,2
2,55,2
2,56,2
2,57,2
2,58,2
2,59,3
2,60,3
2,61,3
2,62,3
2,63,3
2,64,3
2,65,3
2,66,3
2,67,4
2,68,4
2,69,6
2,70,4
2,71,4
2,72,5
2,73,4
2,74,5
2,75,5
2,76,6
2,77,5
2,78,6
2,79,6
2,80,7
2,81,5
2,82,6
2,83,4
2,84,4
3,4,7
3,5,8
3,6,7
3,7,4
3,8,5
3,9,3
3,10,3
3,11,2
3,12,2
3,13,1
3,14,1
3,15,1
3,16,1
3,17,2
3,18,3
3,19,3
3,20,4
3,21,6
3,22,4
3,23,10
3,24,5
3,25,11
3,26,7
3,27,8
3,28,7
3,29,6
3,30,4
3,31,5
3,32,5
3,33,5
3,34,5
3,35,5
3,36,5
3,37,5
3,38,3
3,39,3
3,40,3
3,41,3
3,42,3
3,43,3
3,44,3
3,45,3
3,46,2
3,47,2
3,48,2
3,49,2
3,50,2
3,51,2
3,52,2
3,53,2
3,54,1
3,55,1
3,56,1
3,57,1
3,58,1
3,59,1
3,60,1
3,61,1
3,62,1
3,63,1
3,64,1
3,65,1
3,66,1
3,67,2
3,68,2
3,69,2
3,70,2
3,71,2
3,72,2
3,73,2
3,74,6
3,75,3
3,76,3
3,77,4
3,78,4
3,79,3
3,80,4
3,81,3
3,82,8
3,83,4
3,84,4
4,5,2
4,6,3
4,7,3
4,8,4
4,9,4
4,10,10
4,11,8
4,12,6
4,13,4
4,14,4
4,15,4
4,16,2
4,17,1
4,18,1
4,19,1
4,20,1
4,21,2
4,22,2
4,23,2
4,24,2
4,25,4
4,26,3
4,27,3
4,28,3
4,29,3
4,30,4
4,31,3
4,32,3
4,33,10
4,34,4
4,35,4
4,36,4
4,37,4
4,38,6
4,39,4
4,40,4
4,41,14
4,42,10
4,43,5
4,44,5
4,45,8
4,46,8
4,47,4
4,48,4
4,49,10
4,50,8
4,51,5
4,52,4
4,53,4
4,54,4
4,55,7
4,56,3
4,57,5
4,58,5
4,59,3
4,60,3
4,61,3
4,62,3
4,63,10
4,64,2
4,65,3
4,66,3
4,67,2
4,68,2
4,69,2
4,70,2
4,71,1
4,72,1
4,73,1
4,74,1
4,75,1
4,76,1
4,77,1
4,78,1
4,79,1
4,80,1
4,81,1
4,82,1
4,83,1
4,84,2
5,6,1
5,7,3
5,8,2
5,9,3
5,10,3
5,11,5
5,12,4
5,13,8
5,14,5
5,15,4
5,16,4
5,17,5
5,18,3
5,19,2
5,20,1
5,21,1
5,22,1
5,23,1
5,24,1
5,25,1
5,26,1
5,27,1
5,28,1
5,29,1
5,30,2
5,31,3
5,32,3
5,33,3
5,34,2
5,35,2
5,36,2
5,37,2
5,38,4
5,39,3
5,40,3
5,41,3
5,42,3
5,43,3
5,44,3
5,45,6
5,46,10
5,47,10
5,48,5
5,49,5
5,50,4
5,51,10
5,52,7
5,53,7
5,54,10
5,55,8
5,56,5
5,57,5
5,58,5
5,59,5
5,60,5
5,61,5
5,62,4
5,63,7
5,64,4
5,65,6
5,66,4
5,67,3
5,68,3
5,69,4
5,70,3
5,71,3
5,72,3
5,73,3
5,74,3
5,75,2
5,76,2
5,77,2
5,78,2
5,79,2
5,80,2
5,81,2
5,82,2
5,83,1
5,84,1
6,7,1
6,8,2
6,9,2
6,10,4
6,11,3
6,12,4
6,13,4
6,14,5
6,15,10
6,16,4
6,17,7
6,18,3
6,19,4
6,20,2
6,21,1
6,22,1
6,23,1
6,24,1
6,25,1
6,26,1
6,27,1
6,28,1
6,29,1
6,30,1
6,31,1
6,32,1
6,33,1
6,34,2
6,35,2
6,36,2
6,37,2
6,38,2
6,39,2
6,40,2
6,41,2
6,42,4
6,43,4
6,44,3
6,45,4
6,46,3
6,47,10
6,48,3
6,49,3
6,50,5
6,51,6
6,52,9
6,53,6
6,54,4
6,55,10
6,56,4
6,57,4
6,58,6
6,59,5
6,60,6
6,61,6
6,62,7
6,63,6
6,64,4
6,65,4
6,66,5
6,67,4
6,68,6
6,69,5
6,70,6
6,71,5
6,72,3
6,73,3
6,74,3
6,75,3
6,76,4
6,77,4
6,78,4
6,79,4
6,80,2
6,81,2
6,82,2
6,83,2
6,84,2
7,8,1
7,9,2
7,10,2
7,11,3
7,12,3
7,13,4
7,14,9
7,15,6
7,16,6
7,17,4
7,18,10
7,19,3
7,20,2
7,21,2
7,22,2
7,23,1
7,24,1
7,25,1
7,26,1
7,27,1
7,28,1
7,29,1
7,30,1
7,31,1
7,32,1
7,33,1
7,34,1
7,35,1
7,36,1
7,37,1
7,38,1
7,39,2
7,40,2
7,41,2
7,42,2
7,43,2
7,44,2
7,45,2
7,46,2
7,47,4
7,48,3
7,49,3
7,50,3
7,51,3
7,52,3
7,53,3
7,54,4
7,55,5
7,56,4
7,57,4
7,58,4
7,59,4
7,60,4
7,61,6
7,62,5
7,63,6
7,64,7
7,65,7
7,66,10
7,67,10
7,68,4
7,69,4
7,70,4
7,71,4
7,72,5
7,73,6
7,74,10
7,75,3
7,76,3
7,77,3
7,78,3
7,79,3
7,80,4
7,81,4
7,82,10
7,83,2
7,84,2
8,9,1
8,10,2
8,11,2
8,12,4
8,13,3
8,14,10
8,15,10
8,16,10
8,17,6
8,18,6
8,19,4
8,20,4
8,21,2
8,22,2
8,23,2
8,24,3
8,25,2
8,26,3
8,27,1
8,28,1
8,29,1
8,30,1
8,31,1
8,32,1
8,33,1
8,34,1
8,35,1
8,36,1
8,37,1
8,38,1
8,39,1
8,40,1
8,41,1
8,42,1
8,43,2
8,44,2
8,45,2
8,46,3
8,47,10
8,48,2
8,49,2
8,50,2
8,51,3
8,52,10
8,53,10
8,54,3
8,55,10
8,56,3
8,57,3
8,58,3
8,59,10
8,60,10
8,61,10
8,62,4
8,63,10
8,64,5
8,65,4
8,66,4
8,67,11
8,68,5
8,69,5
8,70,5
8,71,10
8,72,4
8,73,5
8,74,6
8,75,6
8,76,4
8,77,4
8,78,4
8,79,4
8,80,3
8,81,3
8,82,4
8,83,5
8,84,3
9,10,1
9,11,2
9,12,2
9,13,4
9,14,3
9,15,5
9,16,4
9,17,8
9,18,6
9,19,4
9,20,6
9,21,3
9,22,3
9,23,2
9,24,2
9,25,2
9,26,2
9,27,2
9,28,2
9,29,2
9,30,2
9,31,1
9,32,1
9,33,1
9,34,1
9,35,1
9,36,1
9,37,1
9,38,1
9,39,1
9,40,1
9,41,1
9,42,1
9,43,1
9,44,1
9,45,1
9,46,1
9,47,2
9,48,2
9,49,2
9,50,2
9,51,2
9,52,2
9,53,2
9,54,3
9,55,4
9,56,4
9,57,4
9,58,4
9,59,3
9,60,3
9,61,3
9,62,4
9,63,8
9,64,6
9,65,6
9,66,6
9,67,4
9,68,4
9,69,5
9,70,5
9,71,17
9,72,5
9,73,7
9,74,7
9,75,5
9,76,4
9,77,4
9,78,4
9,79,4
9,80,4
9,81,4
9,82,10
9,83,4
9,84,3
10,11,1
10,12,2
10,13,2
10,14,3
10,15,3
10,16,5
10,17,4
10,18,5
10,19,8
10,20,8
10,21,3
10,22,4
10,23,3
10,24,4
10,25,4
10,26,3
10,27,3
10,28,2
10,29,2
10,30,2
10,31,2
10,32,2
10,33,2
10,34,2
10,35,2
10,36,1
10,37,1
10,38,1
10,39,1
10,40,1
10,41,1
10,42,1
10,43,1
10,44,1
10,45,1
10,46,1
10,47,1
10,48,1
10,49,1
10,50,1
10,51,2
10,52,2
10,53,2
10,54,2
10,55,2
10,56,2
10,57,2
10,58,2
10,59,3
10,60,3
10,61,3
10,62,3
10,63,4
10,64,3
10,65,3
10,66,3
10,67,4
10,68,4
10,69,5
10,70,4
10,71,10
10,72,4
10,73,4
10,74,7
10,75,6
10,76,9
10,77,8
10,78,9
10,79,8
10,80,5
10,81,6
10,82,9
10,83,5
10,84,5
11,12,1
11,13,2
11,14,2
11,15,3
11,16,3
11,17,6
11,18,4
11,19,6
11,20,7
11,21,4
11,22,4
11,23,4
11,24,3
11,25,10
11,26,3
11,27,3
11,28,3
11,29,3
11,30,3
11,31,2
11,32,2
11,33,2
11,34,2
11,35,2
11,36,2
11,37,2
11,38,2
11,39,1
11,40,1
11,41,1
11,42,1
11,43,1
11,44,1
11,45,1
11,46,1
11,47,1
11,48,1
11,49,1
11,50,1
11,51,1
11,52,1
11,53,1
11,54,1
11,55,2
11,56,2
11,57,2
11,58,2
11,59,2
11,60,2
11,61,2
11,62,2
11,63,2
11,64,4
11,65,3
11,66,3
11,67,3
11,68,3
11,69,3
11,70,3
11,71,4
11,72,8
11,73,4
11,74,4
11,75,4
11,76,5
11,77,5
11,78,4
11,79,5
11,80,6
11,81,5
11,82,6
11,83,4
11,84,10
12,13,1
12,14,2
12,15,2
12,16,3
12,17,3
12,18,4
12,19,6
12,20,5
12,21,5
12,22,10
12,23,8
12,24,5
12,25,5
12,26,5
12,27,3
12,28,3
12,29,3
12,30,3
12,31,3
12,32,3
12,33,3
12,34,3
12,35,2
12,36,2
12,37,2
12,38,2
12,39,2
12,40,2
12,41,2
12,42,2
12,43,1
12,44,1
12,45,1
12,46,1
12,47,1
12,48,1
12,49,1
12,50,1
12,51,1
12,52,1
12,53,1
12,54,1
12,55,1
12,56,1
12,57,1
12,58,1
12,59,2
12,60,2
12,61,2
12,62,2
12,63,2
12,64,2
12,65,2
12,66,2
12,67,3
12,68,3
12,69,5
12,70,4
12,71,4
12,72,3
12,73,3
12,74,4
12,75,4
12,76,4
12,77,6
12,78,10
12,79,6
12,80,4
12,81,4
12,82,5
12,83,5
12,84,10
13,14,1
13,15,3
13,16,3
13,17,4
13,18,3
13,19,7
13,20,4
13,21,9
13,22,9
13,23,6
13,24,4
13,25,10
13,26,7
13,27,4
13,28,7
13,29,17
13,30,7
13,31,10
13,32,3
13,33,5
13,34,4
13,35,3
13,36,4
13,37,13
13,38,3
13,39,4
13,40,2
13,41,3
13,42,3
13,43,2
13,44,2
13,45,3
13,46,2
13,47,3
13,48,1
13,49,1
13,50,1
13,51,1
13,52,1
13,53,1
13,54,1
13,55,1
13,56,1
13,57,1
13,58,1
13,59,1
13,60,1
13,61,1
13,62,3
13,63,3
13,64,3
13,65,3
13,66,3
13,67,2
13,68,2
13,69,3
13,70,4
13,71,4
13,72,4
13,73,5
13,74,4
13,75,3
13,76,3
13,77,4
13,78,10
13,79,7
13,80,6
13,81,6
13,82,6
13,83,4
13,84,4
14,15,1
14,16,2
14,17,2
14,18,4
14,19,4
14,20,4
14,21,6
14,22,4
14,23,5
14,24,10
14,25,6
14,26,7
14,27,7
14,28,7
14,29,6
14,30,4
14,31,5
14,32,7
14,33,9
14,34,6
14,35,6
14,36,6
14,37,5
14,38,7
14,39,4
14,40,5
14,41,5
14,42,4
14,43,5
14,44,4
14,45,2
14,46,5
14,47,3
14,48,3
14,49,3
14,50,3
14,51,3
14,52,1
14,53,1
14,54,1
14,55,1
14,56,1
14,57,1
14,58,1
14,59,1
14,60,1
14,61,1
14,62,1
14,63,1
14,64,1
14,65,1
14,66,1
14,67,2
14,68,2
14,69,2
14,70,2
14,71,2
14,72,2
14,73,2
14,74,4
14,75,3
14,76,4
14,77,3
14,78,10
14,79,4
14,80,4
14,81,3
14,82,5
14,83,10
14,84,6
15,16,1
15,17,2
15,18,2
15,19,3
15,20,3
15,21,4
15,22,5
15,23,10
15,24,7
15,25,5
15,26,6
15,27,6
15,28,6
15,29,7
15,30,5
15,31,10
15,32,4
15,33,5
15,34,7
15,35,5
15,36,5
15,37,6
15,38,5
15,39,10
15,40,3
15,41,4
15,42,5
15,43,4
15,44,5
15,45,3
15,46,4
15,47,2
15,48,2
15,49,2
15,50,3
15,51,2
15,52,2
15,53,2
15,54,2
15,55,1
15,56,1
15,57,1
15,58,1
15,59,1
15,60,1
15,61,1
15,62,1
15,63,1
15,64,1
15,65,1
15,66,1
15,67,1
15,68,1
15,69,1
15,70,1
15,71,2
15,72,2
15,73,2
15,74,2
15,75,2
15,76,2
15,77,3
15,78,2
15,79,3
15,80,3
15,81,3
15,82,3
15,83,4
15,84,3
16,17,1
16,18,3
16,19,2
16,20,3
16,21,4
16,22,3
16,23,10
16,24,5
16,25,7
16,26,8
16,27,5
16,28,7
16,29,8
16,30,4
16,31,10
16,32,9
16,33,10
16,34,9
16,35,5
16,36,9
16,37,13
16,38,5
16,39,10
16,40,5
16,41,4
16,42,4
16,43,4
16,44,6
16,45,5
16,46,4
16,47,3
16,48,3
16,49,3
16,50,3
16,51,3
16,52,2
16,53,3
16,54,2
16,55,2
16,56,2
16,57,2
16,58,2
16,59,1
16,60,1
16,61,1
16,62,1
16,63,1
16,64,1
16,65,1
16,66,1
16,67,1
16,68,1
16,69,1
16,70,1
16,71,1
16,72,1
16,73,1
16,74,3
16,75,2
16,76,3
16,77,2
16,78,2
16,79,3
16,80,3
16,81,2
16,82,5
16,83,3
16,84,5
17,18,1
17,19,3
17,20,3
17,21,5
17,22,5
17,23,10
17,24,4
17,25,4
17,26,6
17,27,7
17,28,5
17,29,5
17,30,6
17,31,91
17,32,5
17,33,5
17,34,8
17,35,10
17,36,6
17,37,6
17,38,10
17,39,10
17,40,4
17,41,5
17,42,4
17,43,8
17,44,7
17,45,7
17,46,8
17,47,3
17,48,3
17,49,3
17,50,3
17,51,6
17,52,5
17,53,5
17,54,5
17,55,2
17,56,2
17,57,2
17,58,2
17,59,3
17,60,3
17,61,3
17,62,2
17,63,2
17,64,1
17,65,1
17,66,1
17,67,1
17,68,1
17,69,1
17,70,1
17,71,1
17,72,1
17,73,1
17,74,1
17,75,1
17,76,1
17,77,1
17,78,1
17,79,3
17,80,3
17,81,3
17,82,3
17,83,3
17,84,2
18,19,1
18,20,2
18,21,2
18,22,2
18,23,10
18,24,3
18,25,3
18,26,3
18,27,3
18,28,3
18,29,3
18,30,3
18,31,6
18,32,4
18,33,4
18,34,4
18,35,4
18,36,5
18,37,5
18,38,5
18,39,6
18,40,10
18,41,7
18,42,6
18,43,5
18,44,7
18,45,4
18,46,5
18,47,4
18,48,8
18,49,6
18,50,4
18,51,4
18,52,3
18,53,3
18,54,3
18,55,3
18,56,4
18,57,4
18,58,3
18,59,2
18,60,2
18,61,2
18,62,2
18,63,2
18,64,2
18,65,2
18,66,3
18,67,1
18,68,1
18,69,1
18,70,1
18,71,1
18,72,1
18,73,1
18,74,1
18,75,1
18,76,1
18,77,1
18,78,1
18,79,1
18,80,1
18,81,1
18,82,1
18,83,3
18,84,2
19,20,1
19,21,2
19,22,2
19,23,10
19,24,2
19,25,2
19,26,3
19,27,3
19,28,3
19,29,3
19,30,4
19,31,8
19,32,3
19,33,10
19,34,4
19,35,4
19,36,5
19,37,5
19,38,5
19,39,5
19,40,4
19,41,10
19,42,8
19,43,6
19,44,9
19,45,10
19,46,6
19,47,4
19,48,4
19,49,4
19,50,6
19,51,5
19,52,8
19,53,7
19,54,6
19,55,3
19,56,3
19,57,3
19,58,4
19,59,4
19,60,4
19,61,4
19,62,3
19,63,4
19,64,2
19,65,2
19,66,2
19,67,2
19,68,2
19,69,2
19,70,2
19,71,1
19,72,1
19,73,1
19,74,1
19,75,1
19,76,1
19,77,1
19,78,1
19,79,1
19,80,1
19,81,1
19,82,1
19,83,1
19,84,1
20,21,1
20,22,1
20,23,1
20,24,2
20,25,2
20,26,2
20,27,2
20,28,2
20,29,2
20,30,2
20,31,3
20,32,3
20,33,3
20,34,3
20,35,3
20,36,3
20,37,3
20,38,3
20,39,5
20,40,5
20,41,5
20,42,5
20,43,4
20,44,4
20,45,5
20,46,4
20,47,10
20,48,7
20,49,7
20,50,5
20,51,7
20,52,4
20,53,6
20,54,6
20,55,5
20,56,4
20,57,4
20,58,4
20,59,4
20,60,3
20,61,3
20,62,3
20,63,3
20,64,3
20,65,3
20,66,3
20,67,2
20,68,2
20,69,2
20,70,2
20,71,2
20,72,2
20,73,2
20,74,2
20,75,1
20,76,1
20,77,1
20,78,1
20,79,1
20,80,1
20,81,1
20,82,1
20,83,1
20,84,1
21,22,1
21,23,1
21,24,1
21,25,1
21,26,1
21,27,1
21,28,1
21,29,1
21,30,3
21,31,2
21,32,2
21,33,2
21,34,2
21,35,3
21,36,2
21,37,2
21,38,4
21,39,3
21,40,3
21,41,4
21,42,3
21,43,7
21,44,3
21,45,5
21,46,7
21,47,10
21,48,4
21,49,9
21,50,4
21,51,9
21,52,6
21,53,6
21,54,7
21,55,14
21,56,4
21,57,4
21,58,4
21,59,5
21,60,5
21,61,5
21,62,4
21,63,14
21,64,3
21,65,3
21,66,3
21,67,3
21,68,3
21,69,3
21,70,3
21,71,4
21,72,2
21,73,2
21,74,2
21,75,2
21,76,2
21,77,2
21,78,2
21,79,2
21,80,1
21,81,1
21,82,1
21,83,1
21,84,1
22,23,1
22,24,1
22,25,1
22,26,1
22,27,1
22,28,1
22,29,1
22,30,1
22,31,2
22,32,2
22,33,2
22,34,2
22,35,2
22,36,2
22,37,2
22,38,2
22,39,3
22,40,3
22,41,3
22,42,5
22,43,3
22,44,3
22,45,5
22,46,3
22,47,10
22,48,4
22,49,4
22,50,5
22,51,5
22,52,5
22,53,5
22,54,6
22,55,7
22,56,8
22,57,4
22,58,4
22,59,4
22,60,4
22,61,4
22,62,4
22,63,7
22,64,4
22,65,3
22,66,3
22,67,3
22,68,3
22,69,3
22,70,3
22,71,4
22,72,3
22,73,2
22,74,2
22,75,2
22,76,2
22,77,2
22,78,2
22,79,2
22,80,2
22,81,1
22,82,1
22,83,1
22,84,1
23,24,1
23,25,1
23,26,1
23,27,1
23,28,1
23,29,1
23,30,1
23,31,2
23,32,2
23,33,2
23,34,2
23,35,2
23,36,2
23,37,2
23,38,2
23,39,3
23,40,3
23,41,3
23,42,3
23,43,3
23,44,3
23,45,3
23,46,3
23,47,10
23,48,4
23,49,4
23,50,4
23,51,4
23,52,9
23,53,4
23,54,8
23,55,15
23,56,10
23,57,9
23,58,10
23,59,10
23,60,8
23,61,7
23,62,10
23,63,14
23,64,4
23,65,6
23,66,10
23,67,10
23,68,5
23,69,7
23,70,6
23,71,4
23,72,3
23,73,4
23,74,10
23,75,2
23,76,3
23,77,3
23,78,3
23,79,3
23,80,2
23,81,2
23,82,10
23,83,1
23,84,1
24,25,1
24,26,1
24,27,1
24,28,1
24,29,1
24,30,1
24,31,1
24,32,1
24,33,3
24,34,3
24,35,2
24,36,3
24,37,3
24,38,2
24,39,3
24,40,3
24,41,6
24,42,8
24,43,4
24,44,7
24,45,10
24,46,5
24,47,10
24,48,5
24,49,9
24,50,6
24,51,9
24,52,10
24,53,8
24,54,8
24,55,10
24,56,7
24,57,7
24,58,8
24,59,6
24,60,6
24,61,7
24,62,5
24,63,90
24,64,6
24,65,6
24,66,6
24,67,4
24,68,3
24,69,4
24,70,4
24,71,3
24,72,4
24,73,4
24,74,5
24,75,2
24,76,2
24,77,2
24,78,2
24,79,2
24,80,2
24,81,2
24,82,3
24,83,1
24,84,1
25,26,1
25,27,1
25,28,1
25,29,1
25,30,1
25,31,1
25,32,1
25,33,10
25,34,2
25,35,2
25,36,10
25,37,2
25,38,2
25,39,2
25,40,2
25,41,10
25,42,3
25,43,3
25,44,10
25,45,76
25,46,3
25,47,10
25,48,3
25,49,10
25,50,5
25,51,5
25,52,6
25,53,10
25,54,5
25,55,10
25,56,4
25,57,10
25,58,8
25,59,6
25,60,4
25,61,10
25,62,4
25,63,5
25,64,5
25,65,4
25,66,4
25,67,5
25,68,3
25,69,3
25,70,3
25,71,3
25,72,3
25,73,3
25,74,3
25,75,4
25,76,2
25,77,2
25,78,2
25,79,2
25,80,2
25,81,2
25,82,2
25,83,2
25,84,1
26,27,1
26,28,1
26,29,1
26,30,1
26,31,1
26,32,1
26,33,1
26,34,1
26,35,2
26,36,2
26,37,2
26,38,2
26,39,2
26,40,2
26,41,2
26,42,2
26,43,3
26,44,3
26,45,41
26,46,3
26,47,10
26,48,3
26,49,3
26,50,3
26,51,4
26,52,7
26,53,6
26,54,4
26,55,10
26,56,4
26,57,4
26,58,4
26,59,5
26,60,6
26,61,5
26,62,5
26,63,7
26,64,4
26,65,4
26,66,4
26,67,4
26,68,4
26,69,4
26,70,4
26,71,4
26,72,3
26,73,3
26,74,3
26,75,3
26,76,3
26,77,3
26,78,3
26,79,3
26,80,2
26,81,2
26,82,2
26,83,2
26,84,2
27,28,1
27,29,1
27,30,1
27,31,1
27,32,1
27,33,1
27,34,1
27,35,1
27,36,2
27,37,2
27,38,2
27,39,2
27,40,2
27,41,2
27,42,2
27,43,3
27,44,3
27,45,3
27,46,3
27,47,10
27,48,3
27,49,3
27,50,5
27,51,6
27,52,14
27,53,4
27,54,5
27,55,10
27,56,4
27,57,4
27,58,5
27,59,9
27,60,13
27,61,9
27,62,9
27,63,8
27,64,4
27,65,5
27,66,7
27,67,7
27,68,7
27,69,7
27,70,7
27,71,9
27,72,3
27,73,3
27,74,4
27,75,4
27,76,4
27,77,4
27,78,4
27,79,4
27,80,2
27,81,3
27,82,3
27,83,3
27,84,3
28,29,1
28,30,1
28,31,1
28,32,1
28,33,1
28,34,1
28,35,1
28,36,1
28,37,2
28,38,2
28,39,2
28,40,2
28,41,2
28,42,2
28,43,2
28,44,2
28,45,41
28,46,3
28,47,10
28,48,3
28,49,3
28,50,3
28,51,3
28,52,11
28,53,15
28,54,4
28,55,10
28,56,4
28,57,4
28,58,4
28,59,10
28,60,8
28,61,9
28,62,10
28,63,12
28,64,4
28,65,5
28,66,6
28,67,8
28,68,9
28,69,6
28,70,8
28,71,10
28,72,3
28,73,4
28,74,5
28,75,5
28,76,5
28,77,4
28,78,5
28,79,4
28,80,2
28,81,3
28,82,3
28,83,3
28,84,3
29,30,1
29,31,1
29,32,1
29,33,1
29,34,1
29,35,1
29,36,1
29,37,1
29,38,2
29,39,2
29,40,2
29,41,2
29,42,2
29,43,2
29,44,2
29,45,65
29,46,4
29,47,10
29,48,3
29,49,4
29,50,3
29,51,3
29,52,6
29,53,6
29,54,4
29,55,10
29,56,6
29,57,6
29,58,4
29,59,5
29,60,5
29,61,5
29,62,5
29,63,17
29,64,5
29,65,4
29,66,5
29,67,4
29,68,4
29,69,5
29,70,4
29,71,4
29,72,3
29,73,3
29,74,3
29,75,4
29,76,3
29,77,4
29,78,3
29,79,4
29,80,2
29,81,2
29,82,2
29,83,2
29,84,2
30,31,1
30,32,1
30,33,1
30,34,1
30,35,1
30,36,1
30,37,1
30,38,1
30,39,2
30,40,2
30,41,2
30,42,3
30,43,2
30,44,2
30,45,2
30,46,2
30,47,10
30,48,4
30,49,3
30,50,3
30,51,3
30,52,6
30,53,3
30,54,6
30,55,10
30,56,5
30,57,4
30,58,4
30,59,5
30,60,5
30,61,6
30,62,8
30,63,10
30,64,5
30,65,4
30,66,5
30,67,4
30,68,4
30,69,4
30,70,4
30,71,4
30,72,4
30,73,3
30,74,3
30,75,3
30,76,3
30,77,3
30,78,3
30,79,3
30,80,3
30,81,2
30,82,2
30,83,2
30,84,2
31,32,1
31,33,1
31,34,1
31,35,1
31,36,1
31,37,1
31,38,1
31,39,1
31,40,2
31,41,2
31,42,10
31,43,2
31,44,2
31,45,2
31,46,4
31,47,10
31,48,3
31,49,4
31,50,4
31,51,4
31,52,3
31,53,3
31,54,3
31,55,10
31,56,7
31,57,5
31,58,5
31,59,4
31,60,5
31,61,5
31,62,5
31,63,10
31,64,11
31,65,5
31,66,8
31,67,10
31,68,4
31,69,4
31,70,4
31,71,4
31,72,7
31,73,4
31,74,13
31,75,3
31,76,3
31,77,3
31,78,3
31,79,3
31,80,4
31,81,3
31,82,10
31,83,2
31,84,2
32,33,1
32,34,1
32,35,1
32,36,1
32,37,1
32,38,1
32,39,1
32,40,1
32,41,2
32,42,2
32,43,2
32,44,2
32,45,2
32,46,2
32,47,10
32,48,2
32,49,3
32,50,3
32,51,3
32,52,10
32,53,3
32,54,4
32,55,10
32,56,3
32,57,4
32,58,4
32,59,7
32,60,7
32,61,4
32,62,5
32,63,10
32,64,4
32,65,7
32,66,5
32,67,5
32,68,7
32,69,6
32,70,7
32,71,8
32,72,8
32,73,5
32,74,6
32,75,4
32,76,5
32,77,5
32,78,4
32,79,4
32,80,5
32,81,3
32,82,4
32,83,2
32,84,3
33,34,1
33,35,1
33,36,1
33,37,1
33,38,1
33,39,1
33,40,1
33,41,1
33,42,3
33,43,2
33,44,2
33,45,2
33,46,2
33,47,10
33,48,2
33,49,2
33,50,3
33,51,3
33,52,3
33,53,3
33,54,3
33,55,10
33,56,3
33,57,3
33,58,4
33,59,11
33,60,4
33,61,4
33,62,4
33,63,10
33,64,4
33,65,4
33,66,5
33,67,8
33,68,10
33,69,10
33,70,10
33,71,10
33,72,4
33,73,5
33,74,7
33,75,5
33,76,10
33,77,10
33,78,10
33,79,10
33,80,3
33,81,3
33,82,3
33,83,3
33,84,10
34,35,1
34,36,1
34,37,1
34,38,1
34,39,1
34,40,1
34,41,1
34,42,1
34,43,3
34,44,2
34,45,2
34,46,2
34,47,10
34,48,2
34,49,2
34,50,2
34,51,4
34,52,15
34,53,3
34,54,3
34,55,10
34,56,3
34,57,3
34,58,3
34,59,13
34,60,14
34,61,5
34,62,5
34,63,10
34,64,4
34,65,4
34,66,4
34,67,10
34,68,10
34,69,10
34,70,7
34,71,10
34,72,4
34,73,7
34,74,5
34,75,4
34,76,6
34,77,6
34,78,6
34,79,6
34,80,3
34,81,5
34,82,4
34,83,4
34,84,4
35,36,1
35,37,1
35,38,1
35,39,1
35,40,1
35,41,1
35,42,1
35,43,1
35,44,3
35,45,2
35,46,3
35,47,10
35,48,2
35,49,3
35,50,3
35,51,3
35,52,12
35,53,4
35,54,4
35,55,10
35,56,5
35,57,5
35,58,5
35,59,11
35,60,10
35,61,10
35,62,6
35,63,10
35,64,7
35,65,8
35,66,7
35,67,9
35,68,8
35,69,11
35,70,11
35,71,10
35,72,4
35,73,7
35,74,10
35,75,6
35,76,6
35,77,6
35,78,7
35,79,6
35,80,3
35,81,4
35,82,5
35,83,4
35,84,4
36,37,1
36,38,1
36,39,1
36,40,1
36,41,1
36,42,1
36,43,1
36,44,1
36,45,3
36,46,2
36,47,2
36,48,2
36,49,2
36,50,2
36,51,2
36,52,7
36,53,5
36,54,3
36,55,3
36,56,3
36,57,3
36,58,3
36,59,10
36,60,6
36,61,7
36,62,4
36,63,4
36,64,4
36,65,4
36,66,4
36,67,10
36,68,5
36,69,5
36,70,5
36,71,6
36,72,4
36,73,8
36,74,5
36,75,4
36,76,4
36,77,4
36,78,4
36,79,4
36,80,3
36,81,6
36,82,10
36,83,3
36,84,3
37,38,1
37,39,1
37,40,1
37,41,1
37,42,1
37,43,1
37,44,1
37,45,2
37,46,2
37,47,10
37,48,2
37,49,2
37,50,2
37,51,2
37,52,3
37,53,3
37,54,3
37,55,10
37,56,3
37,57,3
37,58,3
37,59,4
37,60,4
37,61,4
37,62,4
37,63,10
37,64,4
37,65,4
37,66,4
37,67,8
37,68,8
37,69,6
37,70,5
37,71,10
37,72,4
37,73,4
37,74,8
37,75,5
37,76,5
37,77,5
37,78,5
37,79,5
37,80,3
37,81,3
37,82,10
37,83,3
37,84,4
38,39,1
38,40,1
38,41,1
38,42,1
38,43,1
38,44,1
38,45,1
38,46,1
38,47,2
38,48,2
38,49,3
38,50,3
38,51,3
38,52,2
38,53,2
38,54,4
38,55,3
38,56,5
38,57,8
38,58,6
38,59,3
38,60,3
38,61,3
38,62,5
38,63,4
38,64,10
38,65,10
38,66,9
38,67,4
38,68,4
38,69,5
38,70,7
38,71,6
38,72,6
38,73,4
38,74,16
38,75,4
38,76,4
38,77,4
38,78,4
38,79,4
38,80,5
38,81,3
38,82,10
38,83,3
38,84,3
39,40,1
39,41,1
39,42,1
39,43,1
39,44,1
39,45,1
39,46,1
39,47,10
39,48,2
39,49,2
39,50,2
39,51,2
39,52,3
39,53,3
39,54,2
39,55,10
39,56,3
39,57,3
39,58,3
39,59,4
39,60,5
39,61,4
39,62,3
39,63,10
39,64,5
39,65,5
39,66,4
39,67,6
39,68,6
39,69,8
39,70,4
39,71,10
39,72,5
39,73,7
39,74,5
39,75,8
39,76,6
39,77,6
39,78,5
39,79,5
39,80,4
39,81,5
39,82,6
39,83,4
39,84,4
40,41,1
40,42,1
40,43,1
40,44,1
40,45,1
40,46,1
40,47,1
40,48,1
40,49,2
40,50,2
40,51,2
40,52,2
40,53,2
40,54,2
40,55,2
40,56,2
40,57,3
40,58,3
40,59,3
40,60,3
40,61,3
40,62,3
40,63,3
40,64,4
40,65,4
40,66,4
40,67,4
40,68,4
40,69,9
40,70,4
40,71,5
40,72,5
40,73,5
40,74,6
40,75,5
40,76,10
40,77,10
40,78,10
40,79,10
40,80,4
40,81,4
40,82,9
40,83,3
40,84,10
41,42,1
41,43,1
41,44,1
41,45,1
41,46,1
41,47,1
41,48,1
41,49,1
41,50,3
41,51,2
41,52,2
41,53,2
41,54,2
41,55,2
41,56,2
41,57,2
41,58,5
41,59,3
41,60,3
41,61,3
41,62,3
41,63,3
41,64,3
41,65,3
41,66,7
41,67,4
41,68,4
41,69,6
41,70,4
41,71,5
41,72,4
41,73,4
41,74,8
41,75,5
41,76,10
41,77,10
41,78,10
41,79,10
41,80,6
41,81,4
41,82,10
41,83,10
41,84,10
42,43,1
42,44,1
42,45,1
42,46,1
42,47,1
42,48,1
42,49,1
42,50,1
42,51,2
42,52,3
42,53,2
42,54,2
42,55,3
42,56,2
42,57,2
42,58,3
42,59,4
42,60,4
42,61,3
42,62,3
42,63,5
42,64,4
42,65,3
42,66,7
42,67,7
42,68,6
42,69,5
42,70,4
42,71,8
42,72,5
42,73,4
42,74,9
42,75,7
42,76,9
42,77,9
42,78,9
42,79,9
42,80,7
42,81,6
42,82,11
42,83,6
42,84,7
43,44,1
43,45,1
43,46,1
43,47,1
43,48,1
43,49,1
43,50,1
43,51,1
43,52,2
43,53,2
43,54,2
43,55,2
43,56,2
43,57,2
43,58,2
43,59,3
43,60,3
43,61,3
43,62,3
43,63,3
43,64,3
43,65,3
43,66,3
43,67,4
43,68,4
43,69,5
43,70,4
43,71,6
43,72,4
43,73,5
43,74,5
43,75,5
43,76,5
43,77,5
43,78,5
43,79,5
43,80,5
43,81,4
43,82,6
43,83,4
43,84,4
44,45,1
44,46,1
44,47,1
44,48,1
44,49,1
44,50,1
44,51,1
44,52,2
44,53,2
44,54,2
44,55,2
44,56,2
44,57,2
44,58,2
44,59,3
44,60,3
44,61,3
44,62,3
44,63,3
44,64,3
44,65,3
44,66,3
44,67,5
44,68,4
44,69,5
44,70,4
44,71,4
44,72,4
44,73,4
44,74,4
44,75,8
44,76,9
44,77,11
44,78,9
44,79,9
44,80,7
44,81,4
44,82,5
44,83,6
44,84,7
45,46,1
45,47,1
45,48,1
45,49,1
45,50,1
45,51,1
45,52,1
45,53,1
45,54,2
45,55,2
45,56,2
45,57,2
45,58,2
45,59,2
45,60,2
45,61,2
45,62,3
45,63,3
45,64,3
45,65,3
45,66,3
45,67,3
45,68,3
45,69,5
45,70,4
45,71,5
45,72,4
45,73,4
45,74,4
45,75,4
45,76,5
45,77,7
45,78,10
45,79,10
45,80,7
45,81,9
45,82,5
45,83,4
45,84,10
46,47,1
46,48,1
46,49,1
46,50,1
46,51,1
46,52,1
46,53,1
46,54,1
46,55,2
46,56,2
46,57,2
46,58,2
46,59,2
46,60,3
46,61,2
46,62,2
46,63,4
46,64,3
46,65,3
46,66,3
46,67,4
46,68,5
46,69,3
46,70,3
46,71,7
46,72,4
46,73,5
46,74,5
46,75,5
46,76,7
46,77,4
46,78,4
46,79,8
46,80,5
46,81,4
46,82,6
46,83,8
46,84,10
47,48,1
47,49,1
47,50,1
47,51,1
47,52,1
47,53,1
47,54,1
47,55,1
47,56,3
47,57,2
47,58,2
47,59,2
47,60,2
47,61,3
47,62,2
47,63,2
47,64,2
47,65,4
47,66,3
47,67,4
47,68,3
47,69,3
47,70,3
47,71,4
47,72,3
47,73,7
47,74,4
47,75,6
47,76,4
47,77,4
47,78,10
47,79,5
47,80,4
47,81,9
47,82,5
47,83,10
47,84,10
48,49,1
48,50,1
48,51,1
48,52,1
48,53,1
48,54,1
48,55,1
48,56,1
48,57,2
48,58,2
48,59,2
48,60,2
48,61,2
48,62,3
48,63,3
48,64,3
48,65,3
48,66,3
48,67,3
48,68,3
48,69,4
48,70,4
48,71,6
48,72,4
48,73,4
48,74,5
48,75,4
48,76,4
48,77,5
48,78,7
48,79,10
48,80,5
48,81,8
48,82,7
48,83,4
48,84,10
49,50,1
49,51,1
49,52,1
49,53,1
49,54,1
49,55,1
49,56,1
49,57,1
49,58,2
49,59,2
49,60,2
49,61,2
49,62,2
49,63,2
49,64,2
49,65,2
49,66,3
49,67,3
49,68,4
49,69,8
49,70,3
49,71,4
49,72,3
49,73,3
49,74,6
49,75,4
49,76,6
49,77,9
49,78,5
49,79,5
49,80,4
49,81,4
49,82,10
49,83,6
49,84,10
50,51,1
50,52,1
50,53,1
50,54,1
50,55,1
50,56,1
50,57,1
50,58,1
50,59,2
50,60,2
50,61,2
50,62,2
50,63,3
50,64,2
50,65,2
50,66,2
50,67,3
50,68,3
50,69,4
50,70,3
50,71,6
50,72,3
50,73,3
50,74,4
50,75,4
50,76,4
50,77,5
50,78,10
50,79,7
50,80,4
50,81,4
50,82,5
50,83,7
50,84,10
51,52,1
51,53,1
51,54,1
51,55,1
51,56,1
51,57,1
51,58,1
51,59,3
51,60,3
51,61,2
51,62,2
51,63,2
51,64,3
51,65,3
51,66,3
51,67,4
51,68,4
51,69,5
51,70,3
51,71,5
51,72,4
51,73,4
51,74,6
51,75,6
51,76,6
51,77,7
51,78,4
51,79,6
51,80,7
51,81,6
51,82,7
51,83,5
51,84,5
52,53,1
52,54,1
52,55,1
52,56,1
52,57,1
52,58,1
52,59,1
52,60,1
52,61,1
52,62,2
52,63,2
52,64,2
52,65,2
52,66,2
52,67,2
52,68,2
52,69,4
52,70,4
52,71,3
52,72,4
52,73,4
52,74,4
52,75,3
52,76,3
52,77,6
52,78,10
52,79,4
52,80,5
52,81,7
52,82,6
52,83,4
52,84,5
53,54,1
53,55,1
53,56,1
53,57,1
53,58,1
53,59,1
53,60,1
53,61,1
53,62,3
53,63,2
53,64,2
53,65,2
53,66,2
53,67,2
53,68,2
53,69,3
53,70,3
53,71,4
53,72,3
53,73,3
53,74,3
53,75,3
53,76,3
53,77,4
53,78,10
53,79,5
53,80,5
53,81,5
53,82,4
53,83,4
53,84,4
54,55,1
54,56,1
54,57,1
54,58,1
54,59,1
54,60,1
54,61,1
54,62,1
54,63,1
54,64,2
54,65,2
54,66,3
54,67,2
54,68,2
54,69,2
54,70,2
54,71,4
54,72,3
54,73,3
54,74,4
54,75,4
54,76,3
54,77,3
54,78,3
54,79,6
54,80,4
54,81,5
54,82,8
54,83,5
54,84,5
55,56,1
55,57,1
55,58,1
55,59,1
55,60,1
55,61,1
55,62,1
55,63,1
55,64,1
55,65,3
55,66,3
55,67,3
55,68,2
55,69,4
55,70,2
55,71,2
55,72,2
55,73,4
55,74,5
55,75,5
55,76,3
55,77,6
55,78,4
55,79,3
55,80,3
55,81,6
55,82,6
55,83,9
55,84,4
56,57,1
56,58,1
56,59,1
56,60,1
56,61,1
56,62,1
56,63,1
56,64,1
56,65,2
56,66,2
56,67,2
56,68,2
56,69,3
56,70,2
56,71,2
56,72,2
56,73,3
56,74,3
56,75,3
56,76,3
56,77,4
56,78,10
56,79,3
56,80,3
56,81,5
56,82,4
56,83,4
56,84,4
57,58,1
57,59,1
57,60,1
57,61,1
57,62,1
57,63,1
57,64,1
57,65,1
57,66,2
57,67,2
57,68,3
57,69,2
57,70,2
57,71,2
57,72,2
57,73,2
57,74,4
57,75,3
57,76,5
57,77,4
57,78,3
57,79,3
57,80,3
57,81,3
57,82,5
57,83,4
57,84,6
58,59,1
58,60,1
58,61,1
58,62,1
58,63,1
58,64,1
58,65,1
58,66,1
58,67,2
58,68,2
58,69,2
58,70,2
58,71,2
58,72,2
58,73,2
58,74,3
58,75,4
58,76,3
58,77,3
58,78,4
58,79,3
58,80,3
58,81,3
58,82,4
58,83,8
58,84,4
59,60,2
59,61,1
59,62,1
59,63,1
59,64,1
59,65,1
59,66,1
59,67,1
59,68,2
59,69,2
59,70,2
59,71,2
59,72,2
59,73,2
59,74,3
59,75,3
59,76,3
59,77,3
59,78,3
59,79,3
59,80,3
59,81,3
59,82,4
59,83,4
59,84,4
60,61,1
60,62,1
60,63,1
60,64,1
60,65,1
60,66,1
60,67,1
60,68,1
60,69,2
60,70,3
60,71,2
60,72,3
60,73,3
60,74,5
60,75,2
60,76,2
60,77,3
60,78,10
60,79,6
60,80,6
60,81,6
60,82,7
60,83,3
60,84,3
61,62,1
61,63,1
61,64,1
61,65,1
61,66,1
61,67,1
61,68,1
61,69,2
61,70,2
61,71,2
61,72,2
61,73,2
61,74,2
61,75,2
61,76,3
61,77,3
61,78,4
61,79,4
61,80,3
61,81,3
61,82,3
61,83,3
61,84,5
62,63,1
62,64,1
62,65,1
62,66,1
62,67,1
62,68,1
62,69,1
62,70,1
62,71,3
62,72,3
62,73,3
62,74,3
62,75,2
62,76,2
62,77,2
62,78,2
62,79,6
62,80,5
62,81,5
62,82,5
62,83,3
62,84,3
63,64,1
63,65,1
63,66,1
63,67,1
63,68,1
63,69,1
63,70,1
63,71,2
63,72,2
63,73,2
63,74,2
63,75,2
63,76,2
63,77,2
63,78,2
63,79,3
63,80,3
63,81,3
63,82,3
63,83,3
63,84,3
64,65,1
64,66,1
64,67,1
64,68,1
64,69,1
64,70,1
64,71,1
64,72,1
64,73,3
64,74,3
64,75,2
64,76,3
64,77,2
64,78,10
64,79,3
64,80,3
64,81,5
64,82,5
64,83,3
64,84,4
65,66,1
65,67,1
65,68,1
65,69,1
65,70,1
65,71,1
65,72,1
65,73,1
65,74,3
65,75,3
65,76,2
65,77,3
65,78,3
65,79,2
65,80,2
65,81,2
65,82,4
65,83,5
65,84,3
66,67,1
66,68,1
66,69,1
66,70,1
66,71,1
66,72,1
66,73,1
66,74,2
66,75,2
66,76,2
66,77,2
66,78,2
66,79,2
66,80,2
66,81,2
66,82,4
66,83,4
66,84,4
67,68,1
67,69,1
67,70,1
67,71,1
67,72,1
67,73,1
67,74,1
67,75,1
67,76,2
67,77,2
67,78,3
67,79,2
67,80,2
67,81,3
67,82,2
67,83,3
67,84,3
68,69,1
68,70,1
68,71,1
68,72,1
68,73,1
68,74,1
68,75,1
68,76,1
68,77,3
68,78,3
68,79,2
68,80,3
68,81,2
68,82,2
68,83,2
68,84,2
69,70,1
69,71,1
69,72,1
69,73,1
69,74,1
69,75,1
69,76,1
69,77,1
69,78,10
69,79,3
69,80,3
69,81,2
69,82,3
69,83,2
69,84,2
70,71,1
70,72,1
70,73,1
70,74,1
70,75,1
70,76,1
70,77,1
70,78,1
70,79,2
70,80,2
70,81,2
70,82,2
70,83,3
70,84,3
71,72,1
71,73,1
71,74,1
71,75,1
71,76,1
71,77,1
71,78,1
71,79,1
71,80,2
71,81,2
71,82,2
71,83,3
71,84,2
72,73,1
72,74,1
72,75,1
72,76,1
72,77,1
72,78,1
72,79,1
72,80,1
72,81,2
72,82,2
72,83,2
72,84,2
73,74,1
73,75,1
73,76,1
73,77,1
73,78,1
73,79,1
73,80,1
73,81,1
73,82,2
73,83,3
73,84,2
74,75,1
74,76,1
74,77,1
74,78,1
74,79,1
74,80,1
74,81,1
74,82,1
74,83,3
74,84,2
75,76,1
75,77,1
75,78,1
75,79,1
75,80,1
75,81,1
75,82,1
75,83,1
75,84,2
76,77,1
76,78,1
76,79,1
76,80,1
76,81,1
76,82,1
76,83,1
76,84,1
77,78,1
77,79,1
77,80,1
77,81,1
77,82,1
77,83,1
77,84,1
78,79,1
78,80,1
78,81,1
78,82,1
78,83,1
78,84,1
79,80,1
79,81,1
79,82,1
79,83,1
79,84,1
80,81,1
80,82,1
80,83,1
80,84,1
81,82,1
81,83,1
81,84,1
82,83,1
82,84,1
83,84,1
